creationDate|id|locationIP|browserUsed|content|length
2012-12-23T00:21:50.387+00:00|1168231107536|1.2.2.77|Firefox|roflol|6
2012-12-23T09:40:20.201+00:00|1168231108459|200.6.52.253|Firefox|yes|3
2012-12-23T12:14:50.207+00:00|1168231108460|49.50.77.195|Firefox|ok|2
2012-12-23T12:32:40.173+00:00|1168231108461|31.24.165.15|Firefox|ok|2
2012-12-23T14:42:52.739+00:00|1168231108463|49.50.77.195|Firefox|cool|4
2012-12-23T19:52:03.446+00:00|1168231107466|1.88.156.174|Internet Explorer|cool|4
2012-12-23T21:15:10.441+00:00|1168231107425|1.2.2.77|Internet Explorer|About Panama, g to the Global Competitiveness Index from tAbout Hannibal, t, Julius Ca|86
2012-12-23T23:41:38.027+00:00|1168231108462|31.192.109.124|Internet Explorer|roflol|6
2012-12-23T23:43:05.138+00:00|1168231107424|27.4.90.237|Internet Explorer|right|5
