George_Orwell|1
Hamid_Karzai|6
Elizabeth_Taylor|1
Indira_Gandhi|1
Alfred,_Lord_Tennyson|3
Senegal|1
International_Energy_Agency|1
Edward_Elgar|1
The_Voice_of_Frank_Sinatra|1
Korea_under_Japanese_rule|1
William_Randolph_Hearst|1
Augustine_of_Hippo|5
Uruguay|6
Austria-Hungary|1
Frisia|4
Leander_Paes|2
Cecil_B._DeMille|1
Leonardo_DiCaprio|1
Jonathan_Swift|1
Denzel_Washington|1
In_the_Mood|1
Effigy_of_the_Forgotten|1
Master_of_Puppets|1
Sean_Connery|1
Colin_Powell|1
Alexander_Hamilton|4
Nagorno-Karabakh|1
The_Execution_of_All_Things|1
Ron_Paul|1
Samuel_Taylor_Coleridge|1
Rebel_Without_a_Pause|2
Joseph_Goebbels|1
Leave_Me_Alone|1
La_Vie_en_rose|1
Equatorial_Guinea|1
John_Stuart_Mill|1
William_Morris|1
Saint_Patrick|2
Slide_Away|1
Afghanistan|1
Alicia_Keys|6
Drive-In_Saturday|2
Gibraltar|1
Georges_Bizet|3
Al_Capone|2
J._K._Rowling|1
Ralph_Vaughan_Williams|2
Neo-Babylonian_Empire|3
Mughal_Empire|4
Peter_Sellers|1
Democratic_Republic_of_the_Congo|3
Richard_Burton|3
Kate_Bush|1
Kingdom_of_Ireland|1
Beautiful_Vision|1
John_Gielgud|3
H._H._Asquith|1
Rupert_Murdoch|1
Julie_Andrews|1
Free_as_a_Bird|1
Kazakhstan|2
Kevin_Rudd|1
John_Ruskin|5
Osama_bin_Laden|1
The_Head_on_the_Door|1
San_Marino|3
Yuvan_Shankar_Raja|2
Clement_Attlee|1
John_Dryden|1
Francis_Drake|1
Julius_Caesar|2
The_Gambia|2
Benin_Empire|1
Love_Today|3
French_Second_Republic|1
French_First_Republic|1
The_Makings_of_Me|1
South_African_Republic|1
Palestinian_territories|1
Congo_Free_State|1
Portrait_in_Jazz|2
Run_Through_the_Jungle|1
Cinderella_Rockefella|2
Ethiopian_Empire|2
Korean_Empire|1
Henrik_Ibsen|1
Take_Five|1
Achaemenid_Empire|3
Portuguese_India|1
Ghosts_I–IV|3
Augusto_Pinochet|1
Just_a_Day|1
Spanish_Harlem_Incident|1
Pope_Gregory_I|2
Blue_Christmas|1
The_Lonely_Goatherd|2
Crimea|2
GodWeenSatan:_The_Oneness|2
Polish–Lithuanian_Commonwealth|1
Crickets_Sing_for_Anamaria|1
Mohammad_Reza_Pahlavi|1
Ruhollah_Khomeini|1
Antichrist_Superstar|2
Every_Grain_of_Sand|1
Judy_Davis|6
Aq_Qoyunlu|1
Wolfgang_Amadeus_Mozart|11
Smoke_on_the_Water|1
Saint_George|15
Franz_Liszt|1
Louis_XVIII_of_France|5
Pliny_the_Elder|1
Dante_Alighieri|2
Use_Somebody|2
Virgil|2
Robert_Fripp|2
Pope_Pius_IX|3
Ovid|3
Raphael|1
The_Hard_Road|1
Francis_of_Assisi|2
Pope_John_XXIII|2
Solanki|1
Malacca_Sultanate|2
Livy|1
It_Feels_So_Good|2
Gaetano_Donizetti|3
Antonio_Vivaldi|3
Diamond_Dogs|1
Titian|2
The_Unauthorized_Biography_of_Reinhold_Messner|1
Stray_Cat_Strut|2
Frosty_the_Snowman|1
Bishopric_of_Lübeck|1
Saxe-Gotha|2
Heart_Like_a_Wheel|3
Drop_the_World|6
Charles_V,_Holy_Roman_Emperor|1
Storms_of_Life|1
Burt_Bacharach|1
Nazi_Germany|1
Baby_by_Me|1
French_Fifth_Republic|1
Akon|1
Charles_II_of_England|1
Henry_Wadsworth_Longfellow|2
MTV_Unplugged:_Tony_Bennett|1
Czechoslovakia|5
George_Harrison|1
Egypt|1
Cardinal_Richelieu|4
Have_You_Ever_Seen_the_Rain?|1
Italy|1
Hannibal|33
Solomon|2
Spain|3
Wales|3
Leonard_Cohen|6
Bosnia_and_Herzegovina|1
Nelly_Furtado|1
Wayne_Gretzky|1
Philippines|1
The_Black_Saint_and_the_Sinner_Lady|1
Puerto_Rico|1
Paul_Martin|2
Jim_Carrey|4
David_Foster|1
Neil_Diamond|1
Sarah_McLachlan|1
Oscar_Peterson|1
Duchy_of_Warsaw|1
If_I_Had_a_Hammer|1
Forever,_Michael|2
A_Quick_One|1
There_There|1
Tried_and_True|1
At_Last|1
Early_modern_France|1
Evacuate_the_Dancefloor|1
Trinidad_and_Tobago|6
Francis_I_of_the_Two_Sicilies|2
Netherlands|1
New_Zealand|1
Suicide_Is_Painless|1
Hugo_Chávez|1
Farewell_My_Summer_Love|1
Jerry_Lewis|1
John_Denver|2
John_Lennon|2
Bourbon_Restoration|1
Like_a_Rolling_Stone|1
Un-Break_My_Heart|1
Hot_Buttered_Soul|2
Electronic_Battle_Weapon|1
United_States|1
Whitney_Houston|1
Jacob|1
River_Deep_–_Mountain_High|1
Peter_Hain|5
Black_and_Blue|1
Caliphate_of_Córdoba|1
Lay_All_Your_Love_on_Me|1
Muammar_Gaddafi|2
Every_Little_Bit_Hurts|1
France|6
Israel|2
Marie_Antoinette|1
Moods_of_Marvin_Gaye|5
Norway|1
Kingdom_of_Bavaria|1
Panama|1
Elephunk|1
From_Here_to_Eternity:_Live|1
Big_Bad_John|2
Pretty_Girl_Rock|1
Paul_Capdeville|3
Universal_Studios|1
Dutch_Republic|1
Hicham_Arazi|4
Song_Dynasty|2
Desiderius_Erasmus|6
John_the_Baptist|3
Singles_Collection,_Volume_2|1
Spanish_Florida|2
Hello,_Goodbye|1
O._J._Simpson|1
Josip_Broz_Tito|1
Northumbria|1
Hot_Streets|1
Upper_Canada|1
Call_the_Man|1
German_Confederation|1
Fidel_Castro|9
Bamana_Empire|1
Kingdom_of_Jerusalem|1
Franz_Kafka|14
2_Become_1|1
Etruscan_civilization|2
Free_City_of_Danzig|2
Edvard_Munch|3
Muhammad_Ali_Jinnah|2
Teaser_and_the_Firecat|2
Lay_Your_Hands_on_Me|1
Seleucid_Empire|1
When_You_Believe|2
Saxe-Hildburghausen|1
Scratch_My_Back|1
Mariano_Rivera|5
Daniel_Nestor|4
Gloria_Macapagal-Arroyo|4
A_Chipmunk_Christmas|1
Born_to_Be_Alive|1
Jungleland|1
Hold_Me,_Thrill_Me,_Kiss_Me,_Kill_Me|1
America_the_Beautiful|1
I_Put_a_Spell_on_You|1
A_Day_in_the_Life|4
Sammy_Sosa|8
Last_Name|2
Mama_Said_Knock_You_Out|1
I_Pity_the_Fool|1
Talking_with_the_Taxman_about_Poetry|2
Gamal_Abdel_Nasser|2
Haile_Selassie_I|1
Disco_Inferno|1
Friday_on_My_Mind|1
Napoleon|1
Maurice_Ravel|1
Nicolas_Sarkozy|1
Deck_the_Halls|2
Jacques_Chirac|11
One_Wild_Night_Live_1985–2001|1
Henri_Matisse|1
Alexandre_Dumas|1
George_Bernard_Shaw|2
Charles_Gounod|1
Paul_Simon|2
Giuseppe_Garibaldi|1
Sean_Combs|1
The_Meanest_of_Times|2
Heartaches_by_the_Number|1
Them_or_Us|1
Bad_to_the_Bone|1
Bizzar|1
Red_Rose_Speedway|1
My_Heart_Will_Go_On|1
You_Are_Not_Alone|1
Because_the_Night|1
Still_Fantasy|2
Red_Headed_Stranger|2
Igor_Stravinsky|2
Vladimir_Putin|2
Anytime_You_Need_a_Friend|1
Nicholas_II_of_Russia|2
Alexander_Pushkin|5
Yevgeny_Kafelnikov|1
Anhalt-Bernburg|2
Psalm_69:_The_Way_to_Succeed_and_the_Way_to_Suck_Eggs|1
Left_of_the_Middle|1
Solid_Air|2
Stop_and_Smell_the_Roses|1
Pictures_of_Starving_Children_Sell_Records|3
Goodnight_Tonight|1
The_30th_Anniversary_Concert_Celebration|3
Should_I_Stay_or_Should_I_Go|1
My_Wish|2
My_Ding-a-Ling|1
19th_Nervous_Breakdown|2
Make_Me_Wanna_Die|2
Sexy_MF|1
Two_Steps_from_the_Move|1
Katarina_Srebotnik|2
How_You_Remind_Me|1
I_Just_Called_to_Say_I_Love_You|1
Ban_Ki-moon|2
Barack_Obama|4
Hole_in_the_Head|1
Bob_Dylan|2
Francisco_Franco|1
Confederation_of_the_Rhine|2
John_F._Kennedy|6
Abraham_Lincoln|1
Salvador_Dalí|2
George_Washington|4
Rafael_Nadal|2
United_Kingdom_of_the_Netherlands|1
Miguel_de_Cervantes|2
Live_in_Hyde_Park|1
Theodore_Roosevelt|1
Isabella_I_of_Castile|3
Archduchy_of_Austria|2
Simón_Bolívar|8
Youth_of_the_Nation|1
East_Francia|1
Surrealistic_Pillow|2
The_Don_Killuminati:_The_7_Day_Theory|1
Britney_Spears|1
Henry_V_of_England|3
Ulysses_S._Grant|1
Jimi_Hendrix|2
Woodrow_Wilson|3
Beyoncé_Knowles|2
Up-Tight|1
Johnny_Cash|4
Ayutthaya_Kingdom|1
Kingdom_of_Westphalia|1
John_Kerry|7
Kanye_West|1
Not_Gonna_Get_Us|1
Walt_Disney|5
Edgar_Allan_Poe|1
Benjamin_Franklin|1
Lady_Gaga|1
Albert_Einstein|1
Images_and_Words|1
George_Frideric_Handel|1
What_a_Wonderful_World|2
Johann_Wolfgang_von_Goethe|3
Martin_Luther|5
Richard_Strauss|2
Justin_Timberlake|2
Marvin_Gaye|2
The_Iron_Man:_The_Musical_by_Pete_Townshend|2
Frank_Zappa|1
Clint_Eastwood|2
H._P._Lovecraft|1
Otto_von_Bismarck|1
Ernest_Hemingway|1
Friedrich_Schiller|5
Douglas_MacArthur|1
Herbert_Hoover|1
Making_Love_Out_of_Nothing_at_All|1
Bruce_Willis|1
Thomas_Edison|2
Ostrogothic_Kingdom|1
Guatemala|3
Marlene_Dietrich|5
Erwin_Rommel|1
John_Cage|3
Jackson_Browne|3
Coming_Out_of_the_Dark|1
Frank_Lloyd_Wright|4
One_Headlight|1
Rat_Trap|1
Nas|1
New_Netherland|1
The_Wheels_on_the_Bus|1
Smack_My_Bitch_Up|2
John_Adams|1
Johnny_Mercer|2
Babe_Ruth|1
Bohemian_Rhapsody|1
Robert_F._Kennedy|2
The_Imagine_Project|1
Tom_Cruise|1
Muhammad_Ali|3
Basutoland|1
Sanath_Jayasuriya|6
Christina_Aguilera|1
Lonely_Days|3
Frank_Sinatra|1
Calvin_Coolidge|1
Benny_Goodman|1
Only_a_Northern_Song|1
Bukovina|5
Alan_Moore|1
Claudius|1
John_Coltrane|2
Stanley_Kubrick|1
Guernsey|5
Achilles_Last_Stand|1
Kingdom_of_the_Netherlands|2
By_the_Time_I_Get_to_Phoenix|1
Cyndi_Lauper|2
Kiribati|1
Mercosur|1
Girls_Just_Want_to_Have_Fun|1
Mongolia|1
Ricky_Martin|1
South_Ossetia|1
Having_a_Rave_Up|4
Michael_Jordan|1
George_Lucas|1
Derg|2
Mao_Zedong|3
Montserrat|2
New_France|2
German_East_Africa|1
OK_Computer|1
I_Never_Loved_a_Man_the_Way_I_Love_You|1
Diesel_and_Dust|1
Bette_Midler|1
Spider-Man|1
Jack_Nicholson|1
Nigeria|1
Merry_Christmas_Darling|2
Ultramega_OK|2
Saint_Peter|2
Second_Spanish_Republic|1
Sheryl_Crow|1
South_Africa|2
South_Korea|1
Nice_&_Slow|1
Soviet_Union|1
Sammy_Davis,_Jr.|2
Switzerland|1
Niandra_Lades_and_Usually_Just_a_T-Shirt|6
Baltic_states|1
Animalize|1
With_the_Lights_Out|1
Jean-Jacques_Rousseau|2
Duchy_of_Burgundy|2
Smokey_Robinson|1
Orange_Free_State|1
You_Oughta_Know|2
I_Want_to_Hold_Your_Hand|1
Reba_McEntire|3
Katharine_Hepburn|2
Freddie_Mercury|1
Saint_Helena|1
United_Arab_Emirates|1
Sonic_Attack|1
Chulalongkorn|1
Little_Richard|1
William_IV_of_the_United_Kingdom|1
Paradorn_Srichaphan|1
Humphrey_Bogart|4
Vol._3..._Life_and_Times_of_S._Carter|1
Manic_Monday|1
Doris_Day|1
Daisy_Bell|2
Japanese_occupation_of_Singapore|2
Let_Me_Let_Go|1
Bugs_Bunny|2
Andorra|2
Ralph_Nader|1
Border_Song|1
Al_Pacino|2
Everyday_Is_a_Winding_Road|2
Reorganized_National_Government_of_China|1
Marilyn_Manson|1
Philip_K._Dick|1
Meat_Loaf|1
Lil_Jon|4
League_of_Nations|6
Ezra_Pound|1
From_Me_to_You|1
Bulgaria|1
Vojvodina|1
Cambodia|2
Elizabeth_II|2
Queen_Victoria|1
Djibouti|1
Winston_Churchill|1
Elizabeth_I_of_England|3
Benjamin_Harrison|2
Charles_I_of_England|1
Malaysia|2
Ghaznavids|1
Ottoman_Empire|1
Peter_the_Great|1
Pakistan|1
Charles_Darwin|1
Paraguay|2
Charles,_Prince_of_Wales|3
Prince_Philip,_Duke_of_Edinburgh|2
Mighty_ReArranger|1
Howard_Stern|3
Jay_Leno|1
Isaac_Newton|2
Tim_McGraw|3
Scotland|1
Up_for_the_Down_Stroke|2
Liza_Minnelli|1
Slovenia|2
Arthur_Wellesley,_1st_Duke_of_Wellington|1
Superman|1
Thailand|1
Solid_State_Survivor|2
Just_Be_Good_to_Green|3
Nauru|2
The_Wall|1
Rush_Limbaugh|1
Diana,_Princess_of_Wales|2
Jacqueline_Kennedy_Onassis|2
Arthur_Conan_Doyle|2
Algeria|3
Angelina_Jolie|2
Lord_Byron|1
William_Faulkner|1
Thirteen_Colonies|1
Croatia|1
David_Cameron|2
Mary_I_of_England|1
England|2
Bavarian_Soviet_Republic|1
Horatio_Nelson,_1st_Viscount_Nelson|1
Estonia|3
Colony_of_Virginia|1
Henry_Fonda|1
C._S._Lewis|1
Iceland|3
Otis_Redding|1
David_Lloyd_George|1
Shop_Around|1
Bruce_Lee|1
Samuel_Johnson|1
Ukrainian_Soviet_Socialist_Republic|1
Moldova|1
Clark_Gable|2
Robert_Louis_Stevenson|1
Morocco|1
Nat_King_Cole|17
Anne,_Queen_of_Great_Britain|5
Jawaharlal_Nehru|3
Jimmy_Page|2
