Thing|8
Saint|30
MilitaryPerson|3
Actor|2
Boxer|3
ChristianBishop|7
IceHockeyPlayer|1
BritishRoyalty|44
Philosopher|9
Person|103
Architect|4
PrimeMinister|3
Single|114
Scientist|4
Writer|68
Cricketer|6
Governor|1
Senator|7
OfficeHolder|110
Politician|1
Criminal|2
Comedian|1
Monarch|5
BasketballPlayer|1
Chancellor|1
FictionalCharacter|2
AmericanFootballPlayer|1
Company|1
ComicsCharacter|2
MusicalArtist|102
MilitaryUnit|33
Song|16
Album|106
BaseballPlayer|14
President|2
Artist|9
TennisPlayer|19
Country|216
