creationDate|id|locationIP|browserUsed|content|length|CreatorPersonId|LocationCountryId|ParentPostId|ParentCommentId
2012-12-24T00:06:25.639+00:00|1168231108464|91.223.132.248|Internet Explorer|thx|3|10995116277761|78|1168231108458|
2012-12-24T03:15:50.370+00:00|1168231108466|91.191.192.127|Firefox|thx|3|24189255811081|4|1168231108458|
2012-12-24T03:18:20.597+00:00|1168231107461|1.88.156.174|Internet Explorer|About Thomas Edison, work to the process of invention, and because of that, h|77|28587302322191|1||1168231107460
2012-12-24T03:57:37.007+00:00|1168231108467|27.131.221.93|Internet Explorer|no|2|21990232555526|1|1168231108458|
2012-12-24T09:00:28.246+00:00|1168231108465|27.112.88.106|Internet Explorer|thanks|6|24189255811109|1|1168231108458|
2012-12-24T22:36:29.020+00:00|1168231107435|103.1.176.97|Safari|I see|5|28587302322223|100|1168231107432|
