India|150
China|686
Angola|2
Austria|2
Azerbaijan|48
Bulgaria|2
Croatia|1
Denmark|2
Dominican_Republic|1
El_Salvador|2
Estonia|2
Finland|3
Hong_Kong|1
Israel|1
Laos|1
Latvia|1
Lithuania|1
Malta|1
Mauritania|16
Mauritius|3
Mongolia|1
New_Zealand|2
Nicaragua|2
Northern_Ireland|1
Oman|1
Panama|3
Papua_New_Guinea|3
Puerto_Rico|1
Republic_of_Ireland|2
Rwanda|3
Scotland|1
Singapore|2
Slovenia|2
Swaziland|2
Tajikistan|1
Uruguay|3
Wales|119
Brazil|33
Germany|142
Indonesia|25
Japan|19
Mexico|402
Pakistan|621
Philippines|1
Russia|204
United_States|14
Vietnam|2
Afghanistan|14
Algeria|360
Argentina|154
Belgium|2
Burma|28
Canada|1
Cambodia|2
Cameroon|1
Chile|1
Colombia|1
Cuba|93
England|2
France|1
Greece|17
Hungary|1
Iran|377
Italy|1
Kazakhstan|3
Kenya|1
Malaysia|1
Moldova|24
Morocco|1
Nepal|1
Netherlands|12
Niger|201
Peru|2
Poland|37
Taiwan|1
Romania|1
Senegal|4
South_Africa|37
Spain|2
Sri_Lanka|8
Sweden|41
Tanzania|1
Tunisia|1
Turkey|185
Ukraine|3
Yemen|1
Zambia|13
